[{"film":{"name":"Interstellar","description":"Interstellar description","duration":180},"date":"2023-12-25T05:55:47.266818900","hall":[{"row":0,"place":0},{"row":0,"place":1},{"row":0,"place":2},{"row":0,"place":3},{"row":0,"place":4},{"row":1,"place":0},{"row":1,"place":1},{"row":1,"place":2},{"row":1,"place":3},{"row":1,"place":4},{"row":2,"place":0},{"row":2,"place":1},{"row":2,"place":2},{"row":2,"place":3},{"row":2,"place":4},{"row":3,"place":0},{"row":3,"place":1},{"row":3,"place":2},{"row":3,"place":3},{"row":3,"place":4},{"row":4,"place":0},{"row":4,"place":1},{"row":4,"place":2},{"row":4,"place":3},{"row":4,"place":4}]},{"film":{"name":"Pulp Fiction","description":"Pulp Fiction description","duration":120},"date":"2023-12-25T06:55:47.266818900","hall":[{"row":0,"place":0},{"row":0,"place":1},{"row":0,"place":2},{"row":0,"place":3},{"row":0,"place":4},{"row":1,"place":0},{"row":1,"place":1},{"row":1,"place":2},{"row":1,"place":3},{"row":1,"place":4},{"row":2,"place":0},{"row":2,"place":1},{"row":2,"place":2},{"row":2,"place":3},{"row":2,"place":4},{"row":3,"place":0},{"row":3,"place":1},{"row":3,"place":2},{"row":3,"place":3},{"row":3,"place":4},{"row":4,"place":0},{"row":4,"place":1},{"row":4,"place":2},{"row":4,"place":3},{"row":4,"place":4}]},{"film":{"name":"Snatch","description":"Snatch description","duration":120},"date":"2023-12-25T07:55:47.266818900","hall":[{"row":0,"place":0},{"row":0,"place":1},{"row":0,"place":2},{"row":0,"place":3},{"row":0,"place":4},{"row":1,"place":0},{"row":1,"place":1},{"row":1,"place":2},{"row":1,"place":3},{"row":1,"place":4},{"row":2,"place":0},{"row":2,"place":1},{"row":2,"place":2},{"row":2,"place":3},{"row":2,"place":4},{"row":3,"place":0},{"row":3,"place":1},{"row":3,"place":2},{"row":3,"place":3},{"row":3,"place":4},{"row":4,"place":0},{"row":4,"place":1},{"row":4,"place":2},{"row":4,"place":3},{"row":4,"place":4}]}]